Disease,Treatment_1,Treatment_2,Treatment_3,Treatment_4,Treatment_5,Treatment_6
Acute Flaccid Myelitis,physical_therapy,occupational_therapy,,,,
Acute Lymphocytic Leukemia,chemotherapy,radiation_therapy,stem_cell_transplant,targeted_therapy,,
Acute Myeloid Leukemia,chemotherapy,radiation_therapy,stem_cell_transplant,targeted_therapy,,
Anal Cancer,radiation_therapy,chemotherapy,surgery,,,
Anxiety,psychotherapy,cognitive_behavioral_therapy,acceptance_and_commitment_therapy,,,
Aplastic Anemia,blood_transfusion,stem_cell_transplant,immunosuppressive_medicine,,,
Bipolar Disorder,medicines,psychotherapy,electroconvulsive_therapy,transcranial_magnetic_stimulation,light_therapy,lifestyle_changes
Blood Clots,blood_thinners,thrombolytics,surgery,,,
Breast Cancer,surgery,mastectomy,lumpectomy,,,
Breast Diseases,monitoring,biopsy,surgery,,,
Cancer,surgery,radiation_therapy,chemotherapy,hormone_therapy,immunotherapy,stem_cell_transplant
Cervical Cancer,surgery,radiation_therapy,chemotherapy,targeted_therapy,immunotherapy,
Chagas Disease,antiparasitic_medicine,pacemaker,,,,
Childhood Leukemia,chemotherapy,radiation_therapy,stem_cell_transplant,targeted_therapy,,
Chronic Bronchitis,smoking_cessation,avoiding_lung_irritants,physical_activity,,,
Chronic Lymphocytic Leukemia,watchful_waiting,targeted_therapy,chemotherapy,radiation_therapy,immunotherapy,stem_cell_transplant
Chronic Myeloid Leukemia,targeted_therapy,chemotherapy,immunotherapy,stem_cell_transplant,donor_lymphocyte_infusion,surgery
Colorectal Cancer,surgery,radiofrequency_ablation,cryosurgery,,,
Cryptosporidiosis,supportive_care,iv_fluids,,,,
Delirium,environmental_modification,medicines,assistive_devices,,,
Dementia,medicines,occupational_therapy,speech_therapy,mental_health_counseling,music_or_art_therapy,
Dislocated Shoulder,closed_reduction,sling_immobilization,rehabilitation,,,
Diverticulosis and Diverticulitis,high_fiber_diet,antibiotics,anti_inflammatory_medicine,probiotics,,
Ebola,monoclonal_antibodies,supportive_care,,,,
Endocarditis,antibiotics,antifungal_medicine,,,,
Endometriosis,pain_relievers,hormone_therapy,,,,
Enlarged Prostate (BPH),lifestyle_changes,bladder_training,,,,
Fibromyalgia,medicines,lifestyle_changes,talk_therapy,,,
Flu,antiviral_medicine,rest,,,,
Fractures,cast_or_splint,surgery,,,,
Head and Neck Cancer,surgery,radiation_therapy,chemotherapy,immunotherapy,targeted_therapy,
Head Lice,topical_treatment,,,,,
Heart Valve Diseases,medicines,lifestyle_changes,surgery,,,
Hemophilia,clotting_factor_replacement,,,,,
Hidradenitis Suppurativa,medicines,surgery,,,,
Histoplasmosis,antifungal_medicine,,,,,
HIV,antiretroviral_therapy,,,,,
Hodgkin Lymphoma,chemotherapy,radiation_therapy,targeted_therapy,immunotherapy,,
Infectious Mononucleosis,rest,fluids,pain_relievers,,,
Insomnia,lifestyle_changes,cognitive_behavioral_therapy,medicines,,,
Kawasaki Disease,immunoglobulin_therapy,aspirin,,,,
Leukemia,chemotherapy,radiation_therapy,stem_cell_transplant,targeted_therapy,,
Leukodystrophies,medicines,physical_therapy,occupational_therapy,speech_therapy,nutritional_therapy,
Lewy Body Dementia,medicines,physical_therapy,occupational_therapy,speech_therapy,mental_health_counseling,music_or_art_therapy
Lyme Disease,antibiotics,,,,,
Menopause,lifestyle_changes,,,,,
Mitral Valve Prolapse,medicines,surgery,,,,
Mpox,antiviral_medicine,,,,,
Myasthenia Gravis,anticholinesterase_medicine,immunosuppressive_medicine,monoclonal_antibodies,plasmapheresis,thymectomy,
Obsessive-Compulsive Disorder,cognitive_behavioral_therapy,exposure_and_response_prevention,,,,
Oral Cancer,surgery,radiation_therapy,chemotherapy,,,
Ovarian Disorders,medicines,lifestyle_changes,surgery,chemotherapy,,
Panic Disorder,talk_therapy,cognitive_behavioral_therapy,,,,
Pelvic Inflammatory Disease,antibiotics,,,,,
Pneumocystis Infections,antibiotics,,,,,
Polio and Post-Polio Syndrome,physical_therapy,occupational_therapy,pain_relievers,ventilator_support,,
Post-COVID Conditions (Long COVID),supportive_care,,,,,
Post-Traumatic Stress Disorder,talk_therapy,medicines,,,,
Primary Ovarian Insufficiency,hormone_therapy,calcium_and_vitamin_d_supplements,in_vitro_fertilization,lifestyle_changes,,
Progressive Supranuclear Palsy,medicines,assistive_devices,gastrostomy,,,
Prostate Cancer,observation,active_surveillance,,,,
Respiratory Syncytial Virus Infections,supportive_care,pain_relievers,,,,
Rotator Cuff Injuries,rest,ice,pain_relievers,physical_therapy,corticosteroid_injection,
Sepsis,antibiotics,iv_fluids,medicines,,,
Sickle Cell Disease,hydroxyurea,voxelotor,pain_relievers,antibiotics,blood_transfusion,
Sleep Disorders,lifestyle_changes,cognitive_behavioral_therapy,cpap_therapy,light_therapy,sleep_aid_medicine,
Stroke,acute_treatment,rehabilitation,preventive_treatment,,,
Testicular Cancer,surgery,radiation_therapy,chemotherapy,stem_cell_transplant,surveillance,
Thyroid Cancer,surgery,radioactive_iodine_therapy,chemotherapy,thyroid_hormone_therapy,targeted_therapy,watchful_waiting
Tonsillitis,antibiotics,,,,,
Tremor,medicines,,,,,
Vaginal Cancer,surgery,radiation_therapy,chemotherapy,,,
Crohns Disease,medicines,bowel_rest,surgery,,,
Hemorrhagic Stroke,medicines,surgery,rehabilitation,,,
Ischemic Stroke,blood_thinners,thrombolytics,surgery,stenting,rehabilitation,
Kaposi Sarcoma,antiretroviral_therapy,medicines,,,,
Myalgic Encephalomyelitis Chronic Fatigue Syndrome,lifestyle_changes,medicines,,,,
Reflux in Infants,feeding_changes,,,,,
Teen Depression,talk_therapy,medicines,,,,
Uterine Fibroids,medicines,surgery,hysterectomy,,,
